Category,Message,Normalization
spam,J-PC:Spin & Win! 2K Bonus +3% GCASH! Visit 6868.pyc,j-pc:spin & win! 2k bonus +3% gcash! visit 6868.pyc
spam,",Enjoy online slot here at JACKPOT CITY and win m?re bursts prizes! jackpotcityph. (club)",",enjoy online slot here at jackpot city and win m?re bursts prizes! jackpotcityph. (club)"
spam,Claim the J'PC offer! Deposite & get 777 Free bonus using Gcash!Visit now 666p,claim the j'pc offer! deposite & get 777 free bonus using gcash!visit now 666p
spam,Diyos ng kayamanan ay nandito! Magdownload at manalo ng milyon https://t.hxfxph.com/zaW5o,diyos ng kayamanan ay nandito! magdownload at manalo ng milyon https://t.hxfxph.com/zaw5o
spam,"Lahat ay gumagamit ng global currency na plataporma, idownload na https://t.co/FRrSPIxHzR","lahat ay gumagamit ng global currency na plataporma, idownload na https://t.co/frrspixhzr"
spam,SOLAR 3 WAY LIGHTS SOBRA GANDA AT FORMAL ILAGAY SA WALL CLICK FOR PRICE/BUY ---> https://s.lazada.com.ph/s.4ZgRn Shop Now: (NEW ITEM 58% OFF SALE) BUY 1 TAKE 1 TODAY ONLY!!! PAKI-CLICK ANG LINK SA TAAS PARA MAKITA ANG PRESYO AT PICTURES. LED Super Bright 3 Adjustable Heads Motion Sensor Lights Waterproof and Wireless TIPID SA KURYENTE !! IWAS MAGNANAKAW AT AKYAT-BAHAY SA GABI !!,solar 3 way lights sobra ganda at formal ilagay sa wall click for price/buy ---> https://s.lazada.com.ph/s.4zgrn shop now: (new item 58% off sale) buy 1 take 1 today only!!! paki-click ang link sa taas para makita ang presyo at pictures. led super bright 3 adjustable heads motion sensor lights waterproof and wireless tipid sa kuryente !! iwas magnanakaw at akyat-bahay sa gabi !!
spam,Makakatanggap ka ng 5000 cash Pumunta lang sa website na ito bit.ly/wordpress20221 at e click ang google ads na inyong makikita sa kahit anong page ng site,makakatanggap ka ng 5000 cash pumunta lang sa website na ito bit.ly/wordpress20221 at e click ang google ads na inyong makikita sa kahit anong page ng site
spam,"Gusto mo lamang kumita ng pera, mangyaring makipag-ugnay sa akin kaagad, at gabayan ka!/WhatsApp1 +639856385288","gusto mo lamang kumita ng pera, mangyaring makipag-ugnay sa akin kaagad, at gabayan ka!/whatsapp1 +639856385288"
ham,"Magandang Araw Sean Ivan Elroy P. Pelegrina, Shopee Delivery!

Ihahatid namin ang parcel sa inyong delivery address. Bilang bahagi ng aming proseso ng pagdeliver at napapailalim sa iyong pahintulot, kami ay mangongolekta ng litrato bilang katibayan ng paghatid (Proof of Delivery). 

Pakihanda ang inyong bayad na 55 PHP para sa COD orders, maaari ninyong bayaran ito via QRPH code gamit ang iyong ShopeePay, GCash, ibang e-wallets o bank apps para sa hassle-free at cashless payment.

Pag may katanungan, pakitawagan ang numerong 02-8805200. Maraming Salamat!","magandang araw sean ivan elroy p. pelegrina, shopee delivery!

ihahatid namin ang parcel sa inyong delivery address. bilang bahagi ng aming proseso ng pagdeliver at napapailalim sa iyong pahintulot, kami ay mangongolekta ng litrato bilang katibayan ng paghatid (proof of delivery). 

pakihanda ang inyong bayad na 55 php para sa cod orders, maaari ninyong bayaran ito via qrph code gamit ang iyong shopeepay, gcash, ibang e-wallets o bank apps para sa hassle-free at cashless payment.

pag may katanungan, pakitawagan ang numerong 02-8805200. maraming salamat!"
ham,"Nak, Uwi ka na at gabi na","nak, uwi ka na at gabi na"
ham,"Huwag nang matakot maputulan ng kuryente, Suki! Pay your Meralco bills on time dahil pwedeng-pwede na ?yan using PalawanPay, with 550+ billers nationwide pa!","huwag nang matakot maputulan ng kuryente, suki! pay your meralco bills on time dahil pwedeng-pwede na ?yan using palawanpay, with 550+ billers nationwide pa!"
ham,Asan na yung bike ko pre,asan na yung bike ko pre
ham,bcph#asia   change (#) to (.)  Mag log-in lamang para ma-claim ang iyong monthly cashback kay 646!!,bcph#asia   change (#) to (.)  mag log-in lamang para ma-claim ang iyong monthly cashback kay 646!!
ham,"To Express our Greatefulness  to All Customers,Top up 1000 And Get 1000 Free in COD99 Open Google Search""COD99CO"" Link 99cod.xyz","to express our greatefulness  to all customers,top up 1000 and get 1000 free in cod99 open google search""cod99co"" link 99cod.xyz"
ham,"Good Afternoon. This Ron of Scholarship and Financial Assistance Office of LSPU -LB Please complete the requirements : 1. COG cert of grades with CTC. 2. Photocopy of School ID 3. COR Cert of Registration with CTC 4. Cert of Indigency Please comply and submit the following requirements Asap. Thank you Also, please bring ""L"" folder (short /A4 size) with your requirements","good afternoon. this ron of scholarship and financial assistance office of lspu -lb please complete the requirements : 1. cog cert of grades with ctc. 2. photocopy of school id 3. cor cert of registration with ctc 4. cert of indigency please comply and submit the following requirements asap. thank you also, please bring ""l"" folder (short /a4 size) with your requirements"
ham,PSA: Simula na ngayong Setyembre ang 2022 Census of Agriculture and Fisheries (CAF) na isinasagawa kada 10 taon. Magpabilang na! #CAFarmerCAFisherTayoAngBid,psa: simula na ngayong setyembre ang 2022 census of agriculture and fisheries (caf) na isinasagawa kada 10 taon. magpabilang na! #cafarmercafishertayoangbid
spam,05Aug 08:52: Sent PHP400.00 to 557751******7101 at +639497125644 with PHP30.00 service fee paid. Ref. No. 4df78e824551. May kailangang bilhin o bayaran online para sa bahay? Download PayMaya https://official.paymaya.com/CAK1/SmartPadala and enjoy contactless and cashless payments today!,05aug 08:52: sent php400.00 to 557751******7101 at +639497125644 with php30.00 service fee paid. ref. no. 4df78e824551. may kailangang bilhin o bayaran online para sa bahay? download paymaya https://official.paymaya.com/cak1/smartpadala and enjoy contactless and cashless payments today!
ham,"IMPORTANT ANNOUNCEMENT!
Amin pong ipinababatid na ang schedule ng Pay-out para sa existing College Scholars sa April 12 ay POSTPONED na po muna hanggang malift po ang election banned. Ito po ay madedelay lamang hanggang matapos ang eleksyon. 
Asahan po na ang release ng cash assistance ay sa 2nd week of May na po.
Antabayanan muli ang aming anunsyo. Maraming salamat po sa inyong pang unawa.","important announcement!
amin pong ipinababatid na ang schedule ng pay-out para sa existing college scholars sa april 12 ay postponed na po muna hanggang malift po ang election banned. ito po ay madedelay lamang hanggang matapos ang eleksyon. 
asahan po na ang release ng cash assistance ay sa 2nd week of may na po.
antabayanan muli ang aming anunsyo. maraming salamat po sa inyong pang unawa."
ham,"#KayaMoNow i-level up ang internet sa bahay gamit ang mabilis at maaasahan na GFiber Prepaid, now with FREE BlastTV subscription to stream movies, shows, channels, at live sports! Enjoy reloadable UNLI Fiber WiFi for as low as P299, walang lock-up, at walang documents na kailangan! Mag-apply na via the GlobeOne app at https://globeone.onelink.me/ej7I/G1SMS. Subject to serviceability checking. No advisories? Text OFF to 2686 for free.","#kayamonow i-level up ang internet sa bahay gamit ang mabilis at maaasahan na gfiber prepaid, now with free blasttv subscription to stream movies, shows, channels, at live sports! enjoy reloadable unli fiber wifi for as low as p299, walang lock-up, at walang documents na kailangan! mag-apply na via the globeone app at https://globeone.onelink.me/ej7i/g1sms. subject to serviceability checking. no advisories? text off to 2686 for free."
ham,Upgrade mo na ang iyong account para tuloy-tuloy makabili sa Maya Shop. Go to maya.ph/upgrade para makapag-upgrade ng account.,upgrade mo na ang iyong account para tuloy-tuloy makabili sa maya shop. go to maya.ph/upgrade para makapag-upgrade ng account.
ham,Expired na ba ang Globe At Home Prepaid WiFi SIM mo? Wag mag-alala dahil pwede ka nang bumili ng SIM only for just P88 na may FREE 10GB shareable data pa! Visit any Globe Stores near you or visit the Globe Online Shop via glbe.co/prepaidwifisim para bumili ng SIM. No advisories? Text OFF to 2686 for FREE.,expired na ba ang globe at home prepaid wifi sim mo? wag mag-alala dahil pwede ka nang bumili ng sim only for just p88 na may free 10gb shareable data pa! visit any globe stores near you or visit the globe online shop via glbe.co/prepaidwifisim para bumili ng sim. no advisories? text off to 2686 for free.
spam,"GANDA., Great Bonuses and promotions are here at T1BET !  
Play and spin now with 50% Casino Reload Bonus up to 1,000 !  t1betnow. c*o*m*","ganda., great bonuses and promotions are here at t1bet !  
play and spin now with 50% casino reload bonus up to 1,000 !  t1betnow. c*o*m*"
ham,"Ka-24k Rewards member, sagot namin ang 50% ng txn fees ng next Domestic Pera Padala mo kapag nagsangla ka. Valid from Mar 15 - May 31! T&C apply. Click bit.ly/CL50OFF. Per DTI Fair Trade Permit no FTEB-139042, Series of 2022.","ka-24k rewards member, sagot namin ang 50% ng txn fees ng next domestic pera padala mo kapag nagsangla ka. valid from mar 15 - may 31! t&c apply. click bit.ly/cl50off. per dti fair trade permit no fteb-139042, series of 2022."
spam,"Makiisa sa Chikiting Ligtas Campaign! Pabakunahan ang inyong anak laban Polio, Rubella at Tigdas, sa pinakamalapit na health center sa inyong lugar.","makiisa sa chikiting ligtas campaign! pabakunahan ang inyong anak laban polio, rubella at tigdas, sa pinakamalapit na health center sa inyong lugar."
ham,dito na po ako sa labas san po kayo banda sir?,dito na po ako sa labas san po kayo banda sir?
ham,oyy nandito na ako sa munisipyo,oyy nandito na ako sa munisipyo
ham,"van, ate mo to baka di ako makauwi sobra lakas ng ulan at hangin ayaw nako pauwiin ni duane. Mag sindi ka lang ng candle sa sahig ha para may ilaw kayo wag sa tabe ng kama at kurtina. Patayin mo bago kayo matulog. Lock nyo pinto at mga sliding window. Paload ka kay jem kung may maloloadan don bbayaran ko kamo, magupdate ka saken sa text","van, ate mo to baka di ako makauwi sobra lakas ng ulan at hangin ayaw nako pauwiin ni duane. mag sindi ka lang ng candle sa sahig ha para may ilaw kayo wag sa tabe ng kama at kurtina. patayin mo bago kayo matulog. lock nyo pinto at mga sliding window. paload ka kay jem kung may maloloadan don bbayaran ko kamo, magupdate ka saken sa text"
ham,san kana pre,san kana pre
ham,"Your mobile number is currently suspended, if your number still active, verify here: itsbankodeoroph.com to continue receiving OTP.ÿ","your mobile number is currently suspended, if your number still active, verify here: itsbankodeoroph.com to continue receiving otp.ÿ"
spam,", Sumali sa Aksyon! Libreng PHP788 GCash Bonus Isang Click lang ang layo sa JACKPOCITY! Mag-click dito jpcrich.com",", sumali sa aksyon! libreng php788 gcash bonus isang click lang ang layo sa jackpocity! mag-click dito jpcrich.com"
ham,pakibili ng gamot sa labas,pakibili ng gamot sa labas
spam,"Sinubukan kong tawagan ka pero hindi mo maabot. Napakahalaga ng pag-uusap natin ngayon, sumulat ako ngayon sa: gdoug0724@gmail.com","sinubukan kong tawagan ka pero hindi mo maabot. napakahalaga ng pag-uusap natin ngayon, sumulat ako ngayon sa: gdoug0724@gmail.com"
spam,", I-unlock ang mga reward sa UBET! Kumuha ng 5% USDT deposit Bonus up to P2000! Ubetwinsph0.com",", i-unlock ang mga reward sa ubet! kumuha ng 5% usdt deposit bonus up to p2000! ubetwinsph0.com"
spam,", Maglaro at manalo ng malaki gamit ang LOLLIPLAY! Makakuha ng pang-araw-araw na bonus na 10% sa iyong mga deposito. Sumali ngayon at tamasahin ang mga gantimpala! Lodibetwin4.com",", maglaro at manalo ng malaki gamit ang lolliplay! makakuha ng pang-araw-araw na bonus na 10% sa iyong mga deposito. sumali ngayon at tamasahin ang mga gantimpala! lodibetwin4.com"
spam,"Dumarating na mga bakuna: Magrehistro sa barangay. Mgpabakuna pag natawagan na. Mag ingat lagi. 
-Pres Duterte at Mayor Sara Duterte #SafePilipinas #SafeDavao","dumarating na mga bakuna: magrehistro sa barangay. mgpabakuna pag natawagan na. mag ingat lagi. 
-pres duterte at mayor sara duterte #safepilipinas #safedavao"
spam,SUMUBOK NA AKO SA IYO PLS BUMALIK KA SA AKIN DITO :teddn2434@gmail.com,sumubok na ako sa iyo pls bumalik ka sa akin dito :teddn2434@gmail.com
spam,"Dear Mr. / Ms.(certified), naghahanap kami ng team. Maaari kang magtrabaho sa bahay at kumita ng 8000 pesos sa isang araw Para tanggapin ang trabahong ito, paki-click ang https://bit.ly/3oR2nHS","dear mr. / ms.(certified), naghahanap kami ng team. maaari kang magtrabaho sa bahay at kumita ng 8000 pesos sa isang araw para tanggapin ang trabahong ito, paki-click ang https://bit.ly/3or2nhs"
spam,"kends246@gmail.com, I-message ang aking email para sa isang pag-uusap, mangyaring","kends246@gmail.com, i-message ang aking email para sa isang pag-uusap, mangyaring"
spam,Good day mr or mrs. your attention is needed asap contact d email:em656168@gmail.com,good day mr or mrs. your attention is needed asap contact d email:em656168@gmail.com
spam,hello senior citizen i-chat ako sa aking email ( graceocampo727@gmail.com ) ngayon,hello senior citizen i-chat ako sa aking email ( graceocampo727@gmail.com ) ngayon
spam,"Para sa limitado lamang  mkha ng P5,000 bonus Magister n po kyo https://cutt.ly/jLFRqwY 100 GET 100, 1000 GET 1000, 2000 GET 2000, 24/7 Immediate Cash In/Out","para sa limitado lamang  mkha ng p5,000 bonus magister n po kyo https://cutt.ly/jlfrqwy 100 get 100, 1000 get 1000, 2000 get 2000, 24/7 immediate cash in/out"
spam,".,mybitglobal inaantay ang  10 mo! Magbukas at kunin http://gcxvd2ny.com",".,mybitglobal inaantay ang  10 mo! magbukas at kunin http://gcxvd2ny.com"
spam,".,Para sa iyong kinabukasan, bilisan idownload at gamitin ang mybitglobal, magbukas ng account at may  10 http://nuob0p7g.com",".,para sa iyong kinabukasan, bilisan idownload at gamitin ang mybitglobal, magbukas ng account at may  10 http://nuob0p7g.com"
spam,"Lumapit dito saakin, magrehistro at may 600p, ienjoy ang hindi tumitigil sa kita http://kodqny.com","lumapit dito saakin, magrehistro at may 600p, ienjoy ang hindi tumitigil sa kita http://kodqny.com"
spam,Login at  http://fdsv02.social  at mag cash-in to get your rewards!!,login at  http://fdsv02.social  at mag cash-in to get your rewards!!
spam,W+ Hot Spin Game Kunin ang IPHONE PRO MAX 14 KIRK O.! Mag-sign up para sa W+ at makakuha ng 5499 sa ilang segundo! win7loveplus.com/LOVE14WIN,w+ hot spin game kunin ang iphone pro max 14 kirk o.! mag-sign up para sa w+ at makakuha ng 5499 sa ilang segundo! win7loveplus.com/love14win
spam,"Hindi ka yumaman sa pagtatrabaho lang,subukan ang online trading, libreng taga pagturo!/WhatsApp1 +639817102186 WhatsApp2 +639851908576","hindi ka yumaman sa pagtatrabaho lang,subukan ang online trading, libreng taga pagturo!/whatsapp1 +639817102186 whatsapp2 +639851908576"
spam,"fdsv01#info 
Baguhin ang (#) sa (.) Good News Ka-Lodi291! Marami promo ang pwede gamitin!","fdsv01#info 
baguhin ang (#) sa (.) good news ka-lodi291! marami promo ang pwede gamitin!"
spam,"Gumagamit ka ba ng Facebook, Tiktok or Messenger ?
Alam mo bang pwede ka kumita ng pera gamit ang Social Media ? Click mo po eto --> m.me/onlinescheduler2.0 then FOLLOW instruction Kailangan mo lang umattend sa orientation kung paano ginagawa ang extra income Madami na guminhawa at nabago ang buhay","gumagamit ka ba ng facebook, tiktok or messenger ?
alam mo bang pwede ka kumita ng pera gamit ang social media ? click mo po eto --> m.me/onlinescheduler2.0 then follow instruction kailangan mo lang umattend sa orientation kung paano ginagawa ang extra income madami na guminhawa at nabago ang buhay"
spam,kag msy mga sulat ta ipa brgy si songo blotter lng bah psra kono may recod ta kay iya gina gamo sila toto,kag msy mga sulat ta ipa brgy si songo blotter lng bah psra kono may recod ta kay iya gina gamo sila toto
ham,Thank you for joining the Globe Prepaid Exclusive Device Raffle Promo! You have earned 3 raffle entries to get a chance to win (1) Smartphone Device. Don?t forget to validate your raffle entries at glbe.co/GPExclusiveRaffle. T&Cs apply. Your request to redeem SURF500MB_GP is being processed. Please wait for another message to confirm your promo activation.,thank you for joining the globe prepaid exclusive device raffle promo! you have earned 3 raffle entries to get a chance to win (1) smartphone device. don?t forget to validate your raffle entries at glbe.co/gpexclusiveraffle. t&cs apply. your request to redeem surf500mb_gp is being processed. please wait for another message to confirm your promo activation.
ham,"Scroll lang nang scroll in your social media feed with 1GB data valid for 1 day for only 10 Rewards points! Redeem SURF1GB via the GlobeOne app at glbe.co/glbone now. You have 10.02 points as of Oct. 3, 2023.","scroll lang nang scroll in your social media feed with 1gb data valid for 1 day for only 10 rewards points! redeem surf1gb via the globeone app at glbe.co/glbone now. you have 10.02 points as of oct. 3, 2023."
ham,Your favorite Go50 is still available exclusively on GlobeOne! Continue enjoying 5GB for all sites and unli allnet texts for 3 days when you register via the GlobeOne app at https://glbe.co/Go50 and use GCash for hassle-free payment. No advisories? Text OFF to 2686 for free.,your favorite go50 is still available exclusively on globeone! continue enjoying 5gb for all sites and unli allnet texts for 3 days when you register via the globeone app at https://glbe.co/go50 and use gcash for hassle-free payment. no advisories? text off to 2686 for free.
ham,"LAST 2 DAYS to get a chance to win a Samsung S23 Ultra, iPhone 14 Pro and MORE! Redeem SURF100MB for 2 Rewards points to earn 5 raffle entries. Join the Globe Prepaid Exclusive Raffle now via glbe.co/glbone. Keep redeeming for more chances of winning! Per DTI Fair Trade Permit No. FTEB-172429 Series of 2023","last 2 days to get a chance to win a samsung s23 ultra, iphone 14 pro and more! redeem surf100mb for 2 rewards points to earn 5 raffle entries. join the globe prepaid exclusive raffle now via glbe.co/glbone. keep redeeming for more chances of winning! per dti fair trade permit no. fteb-172429 series of 2023"
ham,Try lang nang try hanggang manalo! Buy load of at least P50 and get a chance to win PHP100K weekly sa region mo! Load to play and win with Lucky Load!,try lang nang try hanggang manalo! buy load of at least p50 and get a chance to win php100k weekly sa region mo! load to play and win with lucky load!
ham,No need pumila pag nag-Bank Transfer with GCash! Save your bank details for safer & easier fund transfers to 60+ banks! Tap Transfer to start!,no need pumila pag nag-bank transfer with gcash! save your bank details for safer & easier fund transfers to 60+ banks! tap transfer to start!
ham,Mag-load at maging lucky! Pwede kang manalo ng PHP 100K and more weekly sa Lucky Load sa GCash. Go to your GCash dashboard and tap Load to start today!,mag-load at maging lucky! pwede kang manalo ng php 100k and more weekly sa lucky load sa gcash. go to your gcash dashboard and tap load to start today!
ham," Wala daw pasok ngayon at may bagyo, Tra swimming"," wala daw pasok ngayon at may bagyo, tra swimming"
ham,dito na po ako mangoville,dito na po ako mangoville
ham,"GLOBE ADVISORY: Mag-register bago mag-April 26 para hindi ma-deactivate ang prepaid SIM mo! Please disregard this message if you have already registered.
Para sa Globe Prepaid, TM, Globe At Home Prepaid WiFi customers, mag-register for free sa new.globe.com.ph/simreg o i-download ang GlobeOne app. Para sa Globe Postpaid and Platinum customers, mag-text lang ng SIMREG to 8080. For company-owned Globe Business accounts, registration steps will be sent to your company's authorized representative.
Together, let's make the online space safe for everyone!","globe advisory: mag-register bago mag-april 26 para hindi ma-deactivate ang prepaid sim mo! please disregard this message if you have already registered.
para sa globe prepaid, tm, globe at home prepaid wifi customers, mag-register for free sa new.globe.com.ph/simreg o i-download ang globeone app. para sa globe postpaid and platinum customers, mag-text lang ng simreg to 8080. for company-owned globe business accounts, registration steps will be sent to your company's authorized representative.
together, let's make the online space safe for everyone!"
ham,Sir andito n Po ko,sir andito n po ko
ham,mam saan po kayo mismo sta fe salamat oo,mam saan po kayo mismo sta fe salamat oo
ham ,dito kami malapit sa munisipyo. asan na kayo,dito kami malapit sa munisipyo. asan na kayo
ham ,nasan na ba kayo?,nasan na ba kayo?
ham ,"good pm po, lazada po ito. ask lang po kung saan kayo banda sa simon st. salamat po","good pm po, lazada po ito. ask lang po kung saan kayo banda sa simon st. salamat po"
spam,"I-click para magpadala ng 600p ngayon, habang may stock pa!?Google play or APP store search for mybitglobal to download apps","i-click para magpadala ng 600p ngayon, habang may stock pa!?google play or app store search for mybitglobal to download apps"
spam,"Sa oras ng kagipitan, kailangan mo ba ng pambansang pautang? Kuhaan mo na ng 300,000PHP ngayon, idagdag ang telegram dito: @nicole1555 (UKPO","sa oras ng kagipitan, kailangan mo ba ng pambansang pautang? kuhaan mo na ng 300,000php ngayon, idagdag ang telegram dito: @nicole1555 (ukpo"
ham ,"Your package PH222746143026D is out for delivery. Please prepare COD payment of 141 PHP, your rider is 09184299680. THANK YOU!","your package ph222746143026d is out for delivery. please prepare cod payment of 141 php, your rider is 09184299680. thank you!"
ham ,Ma pki loadan mo ito Tnt #09106929803 ni ma'am regular load 200 nsa akin n ang byad ma.Ma pki loadan mo ito Tnt #09106929803 ni ma'am regular load 200 nsa akin n ang byad ma.,ma pki loadan mo ito tnt #09106929803 ni ma'am regular load 200 nsa akin n ang byad ma.ma pki loadan mo ito tnt #09106929803 ni ma'am regular load 200 nsa akin n ang byad ma.
ham ,"Kumusta ka? Tara, magkita tayo mamaya.","kumusta ka? tara, magkita tayo mamaya."
ham ,Magandang araw! Paalala: Bayaran ang iyong utang bago ang petsa.,magandang araw! paalala: bayaran ang iyong utang bago ang petsa.
spam,Hindi mo alam ang pinagdadaanan ko. Malulugod ako kung tutulungan mo ako.,hindi mo alam ang pinagdadaanan ko. malulugod ako kung tutulungan mo ako.
ham ,"PSA: Para sa tamang datos tungo sa tamang hakbang at polisiya para sa sektor ng agrikultura, suportahan ang 2022 Census of Agriculture and Fisheries!","psa: para sa tamang datos tungo sa tamang hakbang at polisiya para sa sektor ng agrikultura, suportahan ang 2022 census of agriculture and fisheries!"
ham ,Magkano ba ang kailangan mo? Pahiram lang saglit.,magkano ba ang kailangan mo? pahiram lang saglit.
ham ,Kumain ka na ba?,kumain ka na ba?
ham ,1/2 Babala : Huwag magbibigay ng kahit anong impormasyon via SMS. Do not click suspicious links. Block them.,1/2 babala : huwag magbibigay ng kahit anong impormasyon via sms. do not click suspicious links. block them.
ham ,"BABALA:HUWAG PONG MANIWALA SA TEXT NA NAGLALAMAN NG INYONG PANGALAN NA NAG-AALOK NG TRABAHO, PABUYA O PERA. ITO PO AY ISANG SCAM. I-REPORT SA HTTPS://NTC.GOV.PH","babala:huwag pong maniwala sa text na naglalaman ng inyong pangalan na nag-aalok ng trabaho, pabuya o pera. ito po ay isang scam. i-report sa https://ntc.gov.ph"
spam,"Join & Get Free 888 & 7777, Extra 1.2% Bonu On Gcash","join & get free 888 & 7777, extra 1.2% bonu on gcash"
spam,"LandBank Advisory: 
Your mobile number is currently suspended, if your number still active, verify here: lbpitaccess.com to continue receiving OTP.","landbank advisory: 
your mobile number is currently suspended, if your number still active, verify here: lbpitaccess.com to continue receiving otp."
ham,"ANNOUNCEMENT!!! Para sa lahat ng mga EXISTING COLLEGE SCHOLARS, maaari na pong magsumite ng mga sumusunod: *2 photocopies of the 1st semester class card SY 2022-2023 with certified true copy of the registrar. *Photocopy of Registration Form for 2nd Semester, SY 2022-2023 (If available) * DEADLINE: February 15, 2023 (Wednesday) Kindly submit to Local Youth Development Office on the 3rd Floor Right-wing, Local Youth Development Office, Municipal Bldg. Hindi na po tatanggapin ang mga hindi makakapagsumite ng walang paunang abiso sa itinakdang araw ng deadline","announcement!!! para sa lahat ng mga existing college scholars, maaari na pong magsumite ng mga sumusunod: *2 photocopies of the 1st semester class card sy 2022-2023 with certified true copy of the registrar. *photocopy of registration form for 2nd semester, sy 2022-2023 (if available) * deadline: february 15, 2023 (wednesday) kindly submit to local youth development office on the 3rd floor right-wing, local youth development office, municipal bldg. hindi na po tatanggapin ang mga hindi makakapagsumite ng walang paunang abiso sa itinakdang araw ng deadline"
ham ,<#> Your Tinder code is 469652 dwEzWOx6XSV,<#> your tinder code is 469652 dwezwox6xsv
spam,"Create your account and join SBET 12.12 Christmas raffle draw! For more details, Sign up now sabong4now.(com)","create your account and join sbet 12.12 christmas raffle draw! for more details, sign up now sabong4now.(com)"
ham ,"DITOzen, are you ready for an upgrade? Simply use the DITO APP : http://bit.ly/DITOPostpaidApplication to switch to our Mobile Postpaid FLEXPlan. You can pick from a range of awesome handsets with our Handset Plan or opt for the SIM-Only Plan. Plus, get a data boost that'll keep you connected all day. Tara, make the switch today! 
Stop receiving updates by editing your DITO APP notification settings any time.","ditozen, are you ready for an upgrade? simply use the dito app : http://bit.ly/ditopostpaidapplication to switch to our mobile postpaid flexplan. you can pick from a range of awesome handsets with our handset plan or opt for the sim-only plan. plus, get a data boost that'll keep you connected all day. tara, make the switch today! 
stop receiving updates by editing your dito app notification settings any time."
ham ,"Don't miss your chance to enjoy FREE 2GB of data & 50 mins calls to all networks, valid for 3 days, when you register to GO59 before 10/19/2023. REF#: FGAM4","don't miss your chance to enjoy free 2gb of data & 50 mins calls to all networks, valid for 3 days, when you register to go59 before 10/19/2023. ref#: fgam4"
ham ,"NDRRMC: (7:10PM, 27Aug23) Signal #3 sa Aurora. Malakas na hangin ang inaasahan sa loob ng 18 oras. Lahat ay pinag-iingat.","ndrrmc: (7:10pm, 27aug23) signal #3 sa aurora. malakas na hangin ang inaasahan sa loob ng 18 oras. lahat ay pinag-iingat."
ham ,270205 is your verification code. Use in 10 mins.,270205 is your verification code. use in 10 mins.
ham ,Get an exclusive PHP50 voucher for QR purchases! Claim it in the GCash app now!,get an exclusive php50 voucher for qr purchases! claim it in the gcash app now!
spam,"B D O ALERT:
Your mobile number is currently suspended, if your number still active, verify here: bancoverify.com to continue receiving OTP.","b d o alert:
your mobile number is currently suspended, if your number still active, verify here: bancoverify.com to continue receiving otp."
ham ,DO NOT share this OTP with anyone. Enter 973987 to authorise your PHP46.55 purchase on Codashop.,do not share this otp with anyone. enter 973987 to authorise your php46.55 purchase on codashop.
ham ,"Dear valued customer, we are pleased to inform you that VISA card payments are back in Meralco Online. Enjoy lightning-fast payments with real-time posting. Download the Meralco Mobile App today!#MorePowerToYou","dear valued customer, we are pleased to inform you that visa card payments are back in meralco online. enjoy lightning-fast payments with real-time posting. download the meralco mobile app today!#morepowertoyou"
ham ,"The power trouble in LOS BANOS has been resolved as of 08-Jun-2023 03:40 PM. For concerns, please call us at our 24/7 hotline 16211.","the power trouble in los banos has been resolved as of 08-jun-2023 03:40 pm. for concerns, please call us at our 24/7 hotline 16211."
ham ,There will be a power interruption in portions of LOS BANOS on 20-Jun-2023 around 01:30 PM to 20-Jun-2023 around 02:30 PM due to Upgrade of Facilities. Your service may be affected multiple times during this period. We are conducting this maintenance in order to serve you better. Thanks.,there will be a power interruption in portions of los banos on 20-jun-2023 around 01:30 pm to 20-jun-2023 around 02:30 pm due to upgrade of facilities. your service may be affected multiple times during this period. we are conducting this maintenance in order to serve you better. thanks.
ham ,You have been successfully loaded Go59 for Students P59.00. Trace No.  334614984 10/09/2023 07:25:48.876. More Globe/TM txt promos? INFO to 8080 4 free,you have been successfully loaded go59 for students p59.00. trace no.  334614984 10/09/2023 07:25:48.876. more globe/tm txt promos? info to 8080 4 free
ham ,Your service in LOS BANOS may be affected by a power interruption. Estimated restoration time is 20-Jun-2023 10:45 PM. Thanks for your patience.,your service in los banos may be affected by a power interruption. estimated restoration time is 20-jun-2023 10:45 pm. thanks for your patience.
ham ,465873 is your verification code. Use in 10 mins.,465873 is your verification code. use in 10 mins.
ham ,"Don't miss the clues on Don Valentin's murder! Watch ""Ten Little Mistresses"" exclusively on Prime Video when you activate your 14-day access on us. Just text PVME to 8080 to get started. This offer is for Prime Video Mobile Edition. Terms and conditions apply. Visit glbe.co/AmazonPrimeVideo for more details. No advisories? Text OFF to 2686 for free.","don't miss the clues on don valentin's murder! watch ""ten little mistresses"" exclusively on prime video when you activate your 14-day access on us. just text pvme to 8080 to get started. this offer is for prime video mobile edition. terms and conditions apply. visit glbe.co/amazonprimevideo for more details. no advisories? text off to 2686 for free."
ham ,LAST 3 DAYS TO GET YOUR FREE BIRTHDAY PIZZA this month! Use your Supercard to get a FREE Large Thin Crust Classic Pizza + a birthday discount of up to 20% OFF.,last 3 days to get your free birthday pizza this month! use your supercard to get a free large thin crust classic pizza + a birthday discount of up to 20% off.
ham ,Netflix: Your next payment of ?249/month will be deducted in 1 day from your GCash account.,netflix: your next payment of ?249/month will be deducted in 1 day from your gcash account.
ham ,pakidala nga ng mga gamit ko dito sa office. Naiwanan ko lang sa bahay,pakidala nga ng mga gamit ko dito sa office. naiwanan ko lang sa bahay
ham ,bili ka nga shampoo bago ka umuwi,bili ka nga shampoo bago ka umuwi
spam,"good morning, kayo po ay inaayayahanan namin makinig sa aming FREE business tutorial. CLICK THE LINK -> m.me/","good morning, kayo po ay inaayayahanan namin makinig sa aming free business tutorial. click the link -> m.me/"
ham ,San ka na par? 3 na kame dito,san ka na par? 3 na kame dito
ham ,OTW nako par ,otw nako par 
ham ,Sige par bilisan mo na at mauubos na yung shampoo,sige par bilisan mo na at mauubos na yung shampoo
ham ,Saan ba intayan naten,saan ba intayan naten
ham ,Dito sa Mercury Drug sa may crossing ,dito sa mercury drug sa may crossing 
ham ,Tra laro,tra laro
ham ,Maam yung delivery nyo po andito,maam yung delivery nyo po andito
ham ,Maam asan ka napo antagal mo po,maam asan ka napo antagal mo po
ham ,Maam ano na ,maam ano na 
ham ,Gusto mo ba magkapera? edi magtrabaho ka,gusto mo ba magkapera? edi magtrabaho ka
ham ,Si Ely andito na sa bayan,si ely andito na sa bayan
ham ,Uwi ka na gabi na,uwi ka na gabi na
ham ,Van dito na ako sa labas,van dito na ako sa labas
ham ,Okay po sir now na po,okay po sir now na po
ham ,Maam pakichat ako agad pag tapos nyo kumain may pasok pa kasi ako sa school,maam pakichat ako agad pag tapos nyo kumain may pasok pa kasi ako sa school
ham ,Gud pm po sa lht ng costmer n emar lpg po. Ngaun drting pong oct 1 ay magtataas po ulit ang gasul ng 4pesos perkilo po slmat,gud pm po sa lht ng costmer n emar lpg po. ngaun drting pong oct 1 ay magtataas po ulit ang gasul ng 4pesos perkilo po slmat
ham ,Pwede napo padala si Migi,pwede napo padala si migi
spam,"Up to 3500p, now search  ""999895w""  on FB  receive S1OT bo'nus. Or link: PANALOKA1. COM  sa browser nyo .","up to 3500p, now search  ""999895w""  on fb  receive s1ot bo'nus. or link: panaloka1. com  sa browser nyo ."
spam,"Hi, Get your S|0t b0nus up to 3899p,  Search  ""Phbigwin""  on FB Messenger  and chat with us  .f","hi, get your s|0t b0nus up to 3899p,  search  ""phbigwin""  on fb messenger  and chat with us  .f"
spam,"Claim now! Ba-ra/ha invite you kunin the 799P. LlNK: Phgreat ,com Go Go !i","claim now! ba-ra/ha invite you kunin the 799p. llnk: phgreat ,com go go !i"
ham,Sabihin mo nasayo na yung 2300 ha. Nanghiram ako sakanya kagabi sa gcash eh. May binayaran ako eh,sabihin mo nasayo na yung 2300 ha. nanghiram ako sakanya kagabi sa gcash eh. may binayaran ako eh
ham ,Dito na ako pre sa sm,dito na ako pre sa sm
ham ,Wala pre galing school naglakad ako papuntang maahas sasakay ng tric,wala pre galing school naglakad ako papuntang maahas sasakay ng tric
ham ,Ilang galon ng tubig po?,ilang galon ng tubig po?
ham ,Tatlo po yung binigay ko dalawa lang po papaayos ko,tatlo po yung binigay ko dalawa lang po papaayos ko
ham ,Dito na po sa labas sir,dito na po sa labas sir
ham ,Nak san ka na,nak san ka na
ham ,"Bili ka ulet isstock sa ref chicken, baboy at tilapia","bili ka ulet isstock sa ref chicken, baboy at tilapia"
ham,Jemma hndi pa tau friend s FB ano ang iyong FB name profile ?,jemma hndi pa tau friend s fb ano ang iyong fb name profile ?
ham,Bukas po kami papadeliver po ba kayo ng tubig,bukas po kami papadeliver po ba kayo ng tubig
ham,Anjan ba kayo sa inyo?,anjan ba kayo sa inyo?
ham,Good morning po sa pldt po ito. Dito po yung kay maam mary anngielyn pelegrina? San po kayo dito sa maahas,good morning po sa pldt po ito. dito po yung kay maam mary anngielyn pelegrina? san po kayo dito sa maahas
spam,"Welcome ! your have P1222 for S!ot ,
Web: 11y.life    
Good Luck!C","welcome ! your have p1222 for s!ot ,
web: 11y.life    
good luck!c"
spam,"My god, at least 999P rewards waiting for you
UrI: pinaswin,com
Best Ba,raha  .r","my god, at least 999p rewards waiting for you
uri: pinaswin,com
best ba,raha  .r"
spam,"DEAR VIP <REAL NAME>, No. 1 Online Sabong Site here in SBET!
Register now and Play Cockfighting and Slot Game Machine! You can claim your 100 FREE BET CREDIT and Win 88k Cash Prizes! here in sbet7now.com/SABONGNOW","dear vip <real name>, no. 1 online sabong site here in sbet!
register now and play cockfighting and slot game machine! you can claim your 100 free bet credit and win 88k cash prizes! here in sbet7now.com/sabongnow"
spam,"<REAL NAME>! Today, you can win the iphone14PROMAX while earning a ton of cash prizes in W+. You can receive a 7777 Sign-up Bonus. click now! wp8luck.com/8888WIN","<real name>! today, you can win the iphone14promax while earning a ton of cash prizes in w+. you can receive a 7777 sign-up bonus. click now! wp8luck.com/8888win"
spam,"Welcome ! your have P1222 for S!ot ,
Web: great-s.life
Good Luck!U","welcome ! your have p1222 for s!ot ,
web: great-s.life
good luck!u"
spam,"Welcome ! your have P1222 for S!ot ,
Web: will-j.life
Good Luck!x","welcome ! your have p1222 for s!ot ,
web: will-j.life
good luck!x"
spam,"Hottest News! Join JB Day, Make it your day! Spin your luck here! Sign up now and get your Golden Egg! and we have Daily Deposit Bonus! antiviruspedia.net/Live","hottest news! join jb day, make it your day! spin your luck here! sign up now and get your golden egg! and we have daily deposit bonus! antiviruspedia.net/live"
spam,"Sugal hindi na need pumunta CAS1NO, pIay online at manalo araw araw, upto 8888 na welcome bonus, 24 hours cash in/out.
Web: win-m.life","sugal hindi na need pumunta cas1no, piay online at manalo araw araw, upto 8888 na welcome bonus, 24 hours cash in/out.
web: win-m.life"
spam,Wag na masyadong mapakapagod dahil friday na! Isa sa pinaka the BE$T na gawin mamaya ay ang mag Enjoy dito! apkgametop.com/LivePH See you later my friend!,wag na masyadong mapakapagod dahil friday na! isa sa pinaka the be$t na gawin mamaya ay ang mag enjoy dito! apkgametop.com/liveph see you later my friend!
spam,Happy Weekend! Magrelax at Mag-Enjoy kasama ang pamilya! May Special Register B0NUS 8p CA$H Prize and chance to win of Golden Egg Draw! knetww.com/LiveAPP,happy weekend! magrelax at mag-enjoy kasama ang pamilya! may special register b0nus 8p ca$h prize and chance to win of golden egg draw! knetww.com/liveapp
spam,"Napaka ganda ng pasok ng Weekend! Dahil dito kay antiviruspedia.net/Live napaka daming B0nu$ naghihintay sayo, hindi lang yan dahil chance mo pang maging VIP!","napaka ganda ng pasok ng weekend! dahil dito kay antiviruspedia.net/live napaka daming b0nu$ naghihintay sayo, hindi lang yan dahil chance mo pang maging vip!"
spam,"Current users will send 10,000 USDT to experience the transaction gold.Google play or APP store search for mybitglobal to download apps","current users will send 10,000 usdt to experience the transaction gold.google play or app store search for mybitglobal to download apps"
spam,Maglaro na at kolektahin ang mga Promotion Bonus na naghihintay sayo at ang mega jackpot x10 - x100 B3T! halina't mag laro ngayon dito! apkgametop.com/LivePH,maglaro na at kolektahin ang mga promotion bonus na naghihintay sayo at ang mega jackpot x10 - x100 b3t! halina't mag laro ngayon dito! apkgametop.com/liveph
spam,"Sugal hindi na need pumunta CAS1NO, pIay online at manalo araw araw, upto 8888 na welcome bonus, 24 hours cash in/out.
Web: game-j.life","sugal hindi na need pumunta cas1no, piay online at manalo araw araw, upto 8888 na welcome bonus, 24 hours cash in/out.
web: game-j.life"
spam,Cold Monday! This is your Lucky Day! DAhil nandit0 na si apkgametop.com/LivePH na laging nag bibigay ng premyo at B0nu$! Kaya Try m0 na dito! The Be$st dito.,cold monday! this is your lucky day! dahil nandit0 na si apkgametop.com/liveph na laging nag bibigay ng premyo at b0nu$! kaya try m0 na dito! the be$st dito.
spam,"GCash. Bet... GCash. Bet! Get FREE P1,000,000 bonus for GCASHBET! Free link http://phbetpo.shop/rH8","gcash. bet... gcash. bet! get free p1,000,000 bonus for gcashbet! free link http://phbetpo.shop/rh8"
spam,Binabati kita! Mag-log in sa Lodi646 para makuha ang iyong lucky random bonus!   http://bet03.fan,binabati kita! mag-log in sa lodi646 para makuha ang iyong lucky random bonus!   http://bet03.fan
spam,This is your LucKy day! DAhil JB Day ngayon! Mag $pin at makakuha ng maraming PRIZES! Wag mag alinlangan siguradong bubuhos ng swerte! antiviruspedia.net/Live,this is your lucky day! dahil jb day ngayon! mag $pin at makakuha ng maraming prizes! wag mag alinlangan siguradong bubuhos ng swerte! antiviruspedia.net/live
spam,Wag ng tumingin pa sa iba. Dahil ang hinahanap m0 at hinahanap ng iba ay nandit0 lang kay playbingo.com.ph/LegitAPP subukan m0 na walang mawawala sayo,wag ng tumingin pa sa iba. dahil ang hinahanap m0 at hinahanap ng iba ay nandit0 lang kay playbingo.com.ph/legitapp subukan m0 na walang mawawala sayo
spam,"DEAR VIP, <REAL NAME>, Experience the Best Cockfighting here in SBET. Join and Register now to gain up 88kPHP & 100 + Fighting bonuses, and got a chance to win worth million of cash! sbetcorkfight.com/SABONGNOW","dear vip, <real name>, experience the best cockfighting here in sbet. join and register now to gain up 88kphp & 100 + fighting bonuses, and got a chance to win worth million of cash! sbetcorkfight.com/sabongnow"
spam,"Hi <REAL NAME>,  Experience the highest-winning JILI SLOTS game now on Google APP! Redeem FREE PHP33 and win your Jackpot. Download now at w98club.com/PusoySabong  or search Winner Club at Play Store.
Redeem code : <8833>
(Please go to Deposit/BUY, then enter Redeem code.","hi <real name>,  experience the highest-winning jili slots game now on google app! redeem free php33 and win your jackpot. download now at w98club.com/pusoysabong  or search winner club at play store.
redeem code : <8833>
(please go to deposit/buy, then enter redeem code."
spam,This is your LucKy day! DAhil JB Day ngayon! Mag $pin at makakuha ng maraming PRIZES! Wag mag alinlangan siguradong bubuhos ng swerte! barbadostelecom.com/Live,this is your lucky day! dahil jb day ngayon! mag $pin at makakuha ng maraming prizes! wag mag alinlangan siguradong bubuhos ng swerte! barbadostelecom.com/live
spam,"Go-Lucky ! Baraha prepare P1399 for you, today waiting for you.
UrL: card-c.life
Let's go  .","go-lucky ! baraha prepare p1399 for you, today waiting for you.
url: card-c.life
let's go  ."
spam,"O.  Thanks for your trust in Smart! you will have P1555 for slot ,
Web: will-s.life","o.  thanks for your trust in smart! you will have p1555 for slot ,
web: will-s.life"
spam,"Lazada: Good benefits, If you play in BARAHA, you will have 50% change get free Iphone14/XiaoMI/1999P.
web: baraha-k.site
Claim now !a","lazada: good benefits, if you play in baraha, you will have 50% change get free iphone14/xiaomi/1999p.
web: baraha-k.site
claim now !a"
spam,Kumusta Lodi! Nakapag register kana ba? Mag Register na kung hindi pa! And get your 120% Welcome B0NU$ FREEPLAY! Sali na! appraisalassociatesark.com/Join,kumusta lodi! nakapag register kana ba? mag register na kung hindi pa! and get your 120% welcome b0nu$ freeplay! sali na! appraisalassociatesark.com/join
spam,"y!  [Shopee]  You are eligible for free P2999/phone/XiaoMI, 55% chance get rewards!
web: 11g.life","y!  [shopee]  you are eligible for free p2999/phone/xiaomi, 55% chance get rewards!
web: 11g.life"
spam,"[Winner777] Free P300 daily login bonus, claim now. https://winner777.pro/sm","[winner777] free p300 daily login bonus, claim now. https://winner777.pro/sm"
spam,"V!  [Shopee] You are eligible for free P2999/IPHONE/XiaoMI, 55% chance get rewards!
web: luckypha.live","v!  [shopee] you are eligible for free p2999/iphone/xiaomi, 55% chance get rewards!
web: luckypha.live"
spam,"Ang Smart ay nagiimbita para kunin ang inyong 1,888 bonus. Ito ay matatanggap sa inyOng Acc0unt. URL: ww3467.pw/3tZBIuD","ang smart ay nagiimbita para kunin ang inyong 1,888 bonus. ito ay matatanggap sa inyong acc0unt. url: ww3467.pw/3tzbiud"
spam,"Ang Smart ay nagiimbita para kunin ang inyong 1,888 bonus. Ito ay matatanggap sa inyOng Acc0unt. URL: ww3467.pw/3U9RA8v","ang smart ay nagiimbita para kunin ang inyong 1,888 bonus. ito ay matatanggap sa inyong acc0unt. url: ww3467.pw/3u9ra8v"
spam,"z!  Last 3 days, play online BARA-HA, you will have 80% change get XiaoMI/8999P.
web: baraha-e.site
Claim now !","z!  last 3 days, play online bara-ha, you will have 80% change get xiaomi/8999p.
web: baraha-e.site
claim now !"
spam,"ESugal hindi na need pumunta CASlNO, pIay online at manalo araw araw, upto 8888 na welcome B0NUS.
Web: pinas-b.life","esugal hindi na need pumunta caslno, piay online at manalo araw araw, upto 8888 na welcome b0nus.
web: pinas-b.life"
spam,"<REAL NAME>, You don't want to miss out our PLATFORM W+!! Get 68% Live Casino WELCOME BONUS UP TO PHP 6,888! PLAY NOW wpluswin.com/7777FIFA","<real name>, you don't want to miss out our platform w+!! get 68% live casino welcome bonus up to php 6,888! play now wpluswin.com/7777fifa"
spam,"f!  Last 3 days, play online BARA-HA, you will have 80% change get XiaoMI/8999P.
web: panalot.live
Claim now !","f!  last 3 days, play online bara-ha, you will have 80% change get xiaomi/8999p.
web: panalot.live
claim now !"
spam,Hi <REAL NAME>! Be among the champions @ Online sabong & slot machine game! Register to acquire your 88kPHP & 100+ FREE Tokens here. 88ksabong.com/SABONGFIGHT,hi <real name>! be among the champions @ online sabong & slot machine game! register to acquire your 88kphp & 100+ free tokens here. 88ksabong.com/sabongfight
spam,"yLast 3 days, play online BARA-HA,you will have 30% change get XiaoMI/8999P.
web: baraha-p.life","ylast 3 days, play online bara-ha,you will have 30% change get xiaomi/8999p.
web: baraha-p.life"
spam,"A) An Exclusive and Prestigious Wack wack Neighborhood, where your wellness to us matters
Soon to Rise Shangrila Wack-wack
1 Bedroom - 85sqm
2 Bedroom - 145sqm
3 Bedroom - 231sqm
B) The Rise Makati Shangrila along Ayala Ave RFO w/P1.2M (19% disc.) 3 units left
www.shangrilasidences.com
Message now ","a) an exclusive and prestigious wack wack neighborhood, where your wellness to us matters
soon to rise shangrila wack-wack
1 bedroom - 85sqm
2 bedroom - 145sqm
3 bedroom - 231sqm
b) the rise makati shangrila along ayala ave rfo w/p1.2m (19% disc.) 3 units left
www.shangrilasidences.com
message now "
spam,"Free P5,888 bonus for you!
18M+ Jackpot Prize!
Only 1 Peso to Play!!
Now is win! Good luck!!
http://phboom.com/Wtk","free p5,888 bonus for you!
18m+ jackpot prize!
only 1 peso to play!!
now is win! good luck!!
http://phboom.com/wtk"
spam,"d! True Baraha!To celebrate the World Cup ,we prepare more events and B0NUS  up to 88888!!!
web: pinasl.life","d! true baraha!to celebrate the world cup ,we prepare more events and b0nus  up to 88888!!!
web: pinasl.life"
spam,"10,000 USDT for participating in the Experience Trading Sharing Contest!https://t.co/cyhM4iQRdg","10,000 usdt for participating in the experience trading sharing contest!https://t.co/cyhm4iqrdg"
spam,"l! True Baraha!To celebrate the World Cup ,we prepare more events and B0NUS  up to 88888!!!
web: baraha-e.site","l! true baraha!to celebrate the world cup ,we prepare more events and b0nus  up to 88888!!!
web: baraha-e.site"
spam,M0nday na! Bigyan natin ng suwerte ang araw mo ngayon! Dahil dito kay bartargame.com/Live may Daily B0nu$ at chance mo pa mag T0P 1! Pinipilahan ng lahat!,m0nday na! bigyan natin ng suwerte ang araw mo ngayon! dahil dito kay bartargame.com/live may daily b0nu$ at chance mo pa mag t0p 1! pinipilahan ng lahat!
spam,"Sign up for the world Get 2022 World Cup benefits , receive 3000 free, withdrawals in seconds: http://pesc.pw/4nn27r","sign up for the world get 2022 world cup benefits , receive 3000 free, withdrawals in seconds: http://pesc.pw/4nn27r"
spam,"<REAL NAME>, Your lucky stars are shining tonight WP! Register now and claim your 100% WELCOME BONUS! up to Php. 5,000! Sign up now wfifacup.com/7777FIFA","<real name>, your lucky stars are shining tonight wp! register now and claim your 100% welcome bonus! up to php. 5,000! sign up now wfifacup.com/7777fifa"
spam,"X! Last 2 days, Claim the card B0NUS up to 88888! Big events only for celebrate 2022 World Cup!
web: card-o.life","x! last 2 days, claim the card b0nus up to 88888! big events only for celebrate 2022 world cup!
web: card-o.life"
spam,"Withdrawal code: 831094. If this was not you, cancel here: https://cancel35202119-binance-com.web.app","withdrawal code: 831094. if this was not you, cancel here: https://cancel35202119-binance-com.web.app"
spam,"Bagong balita! Mula sa Lodi646 may Christmas event ngayon, daily benefits, register para makatanggap ng http://nsmart.pro","bagong balita! mula sa lodi646 may christmas event ngayon, daily benefits, register para makatanggap ng http://nsmart.pro"
spam,<REAL NAME> What's up winningplus members! Refer your friend and get your 400P daily! What are you waiting for? Message us now wplusplay.com/7777FIFA,<real name> what's up winningplus members! refer your friend and get your 400p daily! what are you waiting for? message us now wplusplay.com/7777fifa
ham,"Good day, Jemmalyn!
Puede mo na makuha yun form 137A today.","good day, jemmalyn!
puede mo na makuha yun form 137a today."
ham,Nandito napo ako sa zapanta boss pasensya na purok 4 san antonio napuntahan kopo kanina,nandito napo ako sa zapanta boss pasensya na purok 4 san antonio napuntahan kopo kanina
ham,Sabhn mo need ko rin un wala na kasi laman gcash ko pero kahit cash okay lang. sabhn mo nag papagawa tau ng bahay kaya need ko ung pera,sabhn mo need ko rin un wala na kasi laman gcash ko pero kahit cash okay lang. sabhn mo nag papagawa tau ng bahay kaya need ko ung pera
spam,"<Medical>: Claim your benefit of $1,293 now before its overdue: https://viewreturn.link/PREVIEW","<medical>: claim your benefit of $1,293 now before its overdue: https://viewreturn.link/preview"
spam,"Hello, my name is Lee Nalin, from South Korea, single 28 years old. 
I'm traveling in Australia. I fell in love with the customs of Australia.
I think Australian men are gentle, reliable, motivated, polite and trustworthy. Will you be my soul mate?
You can add my Whatsapp:+61421915017
to share photos and daily life together and get to know each other.","hello, my name is lee nalin, from south korea, single 28 years old. 
i'm traveling in australia. i fell in love with the customs of australia.
i think australian men are gentle, reliable, motivated, polite and trustworthy. will you be my soul mate?
you can add my whatsapp:+61421915017
to share photos and daily life together and get to know each other."
spam,"Hi Piandre. How are you? This is Steven from Western Highway Honda. How are you? I can assist with the Honda HRV. Please call me on 9217 8680 when you are available.
Kind regards","hi piandre. how are you? this is steven from western highway honda. how are you? i can assist with the honda hrv. please call me on 9217 8680 when you are available.
kind regards"
spam,Your account is locked. Please follow the prompts at https://mycommbank.account-verify.app/netbank or contact support to restore your access.,your account is locked. please follow the prompts at https://mycommbank.account-verify.app/netbank or contact support to restore your access.
spam,We have an important update regarding your package delivery. Please update your parcel details by clicking on this link: https://post.service-is.cc,we have an important update regarding your package delivery. please update your parcel details by clicking on this link: https://post.service-is.cc
spam,Your order at BIG W Sunshine is ready. Tap here to book/change your pick up time: https://bigw.com.au/book?n=lkziStq4Oh67kXvJUgJa6A%3D%3D,your order at big w sunshine is ready. tap here to book/change your pick up time: https://bigw.com.au/book?n=lkzistq4oh67kxvjugja6a%3d%3d
spam,Attention: Your package delivery failed. Visit https://post.aupoas.cyou to update details for re-delivery. Thank you.,attention: your package delivery failed. visit https://post.aupoas.cyou to update details for re-delivery. thank you.
spam,Ang globe ay nagiimbita para kunin ang iny0ng 777 b0nus. Ito ay matatanggap sa iny0ng Acc0unt. web: fzv24bg.co/45PIGTe,ang globe ay nagiimbita para kunin ang iny0ng 777 b0nus. ito ay matatanggap sa iny0ng acc0unt. web: fzv24bg.co/45pigte
spam,"Hi Piandre Joaquine,
We have tried to call you as our records show you have missed a few classes, please call us on 03 5911 2885 as soon as possible to arrange your return to study!
Thanks, InterCare Training.","hi piandre joaquine,
we have tried to call you as our records show you have missed a few classes, please call us on 03 5911 2885 as soon as possible to arrange your return to study!
thanks, intercare training."
ham,Hi! You have 10GB remaining in your High Speed Data allowance. Log in to your DITO APP to monitor your usage. Thank you!,hi! you have 10gb remaining in your high speed data allowance. log in to your dito app to monitor your usage. thank you!
ham,"Babala 
Huwag ibigay and personal na impormasyon sa text o 
Email mula sa mga hindi kilalang number o email address. 
Maging ligtas at huwag maging biktima ng scam.","babala 
huwag ibigay and personal na impormasyon sa text o 
email mula sa mga hindi kilalang number o email address. 
maging ligtas at huwag maging biktima ng scam."
ham,"Simulan and BER months with P10 OFF on load! Voucher is valid for 14 days upon receipt. No minimum required, kaya mag-load na with GCash!","simulan and ber months with p10 off on load! voucher is valid for 14 days upon receipt. no minimum required, kaya mag-load na with gcash!"
ham,"It's not too late to claim your FREEBIE of 350MB for surfing, valid for 3 days. Simply load a total of P50 by 11/15/2023. If you've already claimed your freebie, please disregard this message. REF#: FGRN12","it's not too late to claim your freebie of 350mb for surfing, valid for 3 days. simply load a total of p50 by 11/15/2023. if you've already claimed your freebie, please disregard this message. ref#: fgrn12"
ham,"Enjoy FREE 2GB of data & 50 mins calls to all networks, JUST FOR YOU, when you register to GO59! Text GO59 to 8080 or go to the GlobeOne app now at glbe.co/GLBOne to enjoy this exclusive offer! REF#: FGAM4","enjoy free 2gb of data & 50 mins calls to all networks, just for you, when you register to go59! text go59 to 8080 or go to the globeone app now at glbe.co/glbone to enjoy this exclusive offer! ref#: fgam4"
ham,"Shake, drop, roar? Move away from the shore! Know the signs of a local tsunami. Join the World Tsunami Awareness Day on Nov5. We are #TsunamiReadyPH!","shake, drop, roar? move away from the shore! know the signs of a local tsunami. join the world tsunami awareness day on nov5. we are #tsunamireadyph!"
spam,"Join & Get Free 888 & 7777, Extra 1.2% Bonu On S*bet Now 7766.??????",
ham,Hi! Your rider is on the way. You can reach them at +639451767448 for any special instructions.,
